Name,Gender,Frequency
Emma,F,20355
Olivia,F,19553
Noah,M,19511
Liam,M,18281
Sophia,F,17327
Mason,M,16535
Ava,F,16286
Jacob,M,15816
William,M,15809
Isabella,F,15504
Ethan,M,14991
Mia,F,14820
James,M,14705
Alexander,M,14460
Michael,M,14321
Benjamin,M,13608
Elijah,M,13511
Daniel,M,13408
Aiden,M,13378
Logan,M,12862
Matthew,M,12648
Abigail,F,12311
Lucas,M,12246
Jackson,M,12182
Emily,F,11727
David,M,11691
Oliver,M,11592
Jayden,M,11475
Joseph,M,11375
Charlotte,F,11332
Gabriel,M,10782
Samuel,M,10733
Carter,M,10727
Anthony,M,10564
John,M,10303
Harper,F,10241
Dylan,M,10232
Luke,M,10219
Henry,M,10112
Madison,F,10038
Andrew,M,10027
Isaac,M,9878
Amelia,F,9795
Christopher,M,9742
Joshua,M,9720
Elizabeth,F,9656
Sofia,F,9650
Wyatt,M,9597
Sebastian,M,9569
Owen,M,9549
Evelyn,F,9313
Avery,F,9298
Caleb,M,8727
Nathan,M,8530
Ryan,M,8474
Jack,M,8456
Hunter,M,8284
Levi,M,8236
Christian,M,8127
Jaxon,M,8015
Julian,M,8003
Landon,M,7896
Chloe,F,7884
Ella,F,7852
Grayson,M,7852
Grace,F,7589
Jonathan,M,7577
Victoria,F,7575
Isaiah,M,7528
Aubrey,F,7357
Charles,M,7125
Thomas,M,7123
Aaron,M,7113
Scarlett,F,7100
Eli,M,7087
Zoey,F,6900
Connor,M,6729
Jeremiah,M,6724
Cameron,M,6713
Addison,F,6683
Lily,F,6617
Josiah,M,6605
Lillian,F,6571
Adrian,M,6489
Natalie,F,6466
Hannah,F,6372
Aria,F,6371
Layla,F,6289
Colton,M,6270
Brooklyn,F,6268
Jordan,M,6254
Brayden,M,6220
Nicholas,M,6194
Robert,M,6076
Angel,M,6059
Alexa,F,6029
Hudson,M,6008
Zoe,F,5995
Lincoln,M,5959
Penelope,F,5921
Evan,M,5863
Dominic,M,5811
Austin,M,5767
Gavin,M,5741
Nolan,M,5713
Riley,F,5707
Leah,F,5585
Audrey,F,5581
Savannah,F,5413
Parker,M,5383
Adam,M,5360
Chase,M,5340
Allison,F,5329
Jace,M,5311
Samantha,F,5304
Nora,F,5301
Ian,M,5288
Skylar,F,5258
Camila,F,5257
Cooper,M,5238
Easton,M,5199
Kevin,M,5157
Jose,M,5146
Tyler,M,5131
Anna,F,5094
Brandon,M,5085
Asher,M,5059
Paisley,F,5056
Jaxson,M,5028
Mateo,M,4987
Jason,M,4968
Ariana,F,4933
Ayden,M,4862
Ellie,F,4838
Aaliyah,F,4836
Zachary,M,4809
Claire,F,4805
Violet,F,4779
Stella,F,4769
Sadie,F,4731
Carson,M,4723
Mila,F,4712
Xavier,M,4605
Gabriella,F,4579
Leo,M,4561
Lucy,F,4512
Arianna,F,4498
Kennedy,F,4496
Sarah,F,4476
Madelyn,F,4467
Eleanor,F,4402
Kaylee,F,4346
Caroline,F,4304
Ezra,M,4299
Bentley,M,4287
Hazel,F,4270
Sawyer,M,4245
Hailey,F,4221
Kayden,M,4216
Blake,M,4211
Nathaniel,M,4176
Genesis,F,4148
Kylie,F,4142
Ryder,M,4130
Theodore,M,4111
Autumn,F,4101
Piper,F,4100
Maya,F,4099
Elias,M,4062
Nevaeh,F,3968
Serenity,F,3943
Peyton,F,3888
Tristan,M,3885
Roman,M,3862
Mackenzie,F,3838
Leonardo,M,3810
Bella,F,3760
Camden,M,3750
Eva,F,3735
Taylor,F,3732
Naomi,F,3731
Brody,M,3723
Luis,M,3718
Miles,M,3701
Micah,M,3700
Vincent,M,3697
Justin,M,3693
Aubree,F,3617
Aurora,F,3613
Greyson,M,3578
Declan,M,3560
Maxwell,M,3519
Juan,M,3510
Melanie,F,3482
Cole,M,3475
Lydia,F,3474
Damian,M,3474
Brianna,F,3459
Ruby,F,3433
Katherine,F,3429
Ashley,F,3409
Carlos,M,3400
Max,M,3398
Alexis,F,3395
Alice,F,3395
Cora,F,3378
Julia,F,3347
Harrison,M,3316
Madeline,F,3305
Weston,M,3305
Faith,F,3288
Brantley,M,3282
Braxton,M,3278
Annabelle,F,3250
Alyssa,F,3233
Axel,M,3229
Diego,M,3218
Abel,M,3216
Wesley,M,3213
Santiago,M,3202
Isabelle,F,3198
Vivian,F,3183
Jesus,M,3166
Gianna,F,3161
Silas,M,3153
Giovanni,M,3118
Bryce,M,3114
Jayce,M,3105
Bryson,M,3088
Alex,M,3085
Quinn,F,3077
Clara,F,3049
Reagan,F,3038
Everett,M,3032
George,M,3032
Eric,M,3028
Ivan,M,3028
Emmett,M,3026
Kaiden,M,3006
Ashton,M,2998
Khloe,F,2985
Alexandra,F,2983
Hadley,F,2957
Eliana,F,2956
Kingston,M,2929
Sophie,F,2918
London,F,2904
Jonah,M,2882
Elena,F,2877
Jameson,M,2838
Kimberly,F,2826
Kai,M,2819
Bailey,F,2818
Maria,F,2803
Luna,F,2790
Willow,F,2776
Jasmine,F,2774
Maddox,M,2772
Timothy,M,2763
Kinsley,F,2762
Ezekiel,M,2755
Valentina,F,2738
Ryker,M,2738
Emmanuel,M,2723
Kayla,F,2718
Hayden,M,2712
Antonio,M,2708
Delilah,F,2706
Andrea,F,2699
Bennett,M,2690
Steven,M,2689
Natalia,F,2686
Lauren,F,2677
Morgan,F,2670
Rylee,F,2668
Richard,M,2659
Sydney,F,2647
Jude,M,2636
Adalynn,F,2612
Mary,F,2602
Luca,M,2593
Ximena,F,2591
Edward,M,2587
Joel,M,2583
Victor,M,2555
Miguel,M,2552
Jade,F,2549
Liliana,F,2545
Malachi,M,2543
King,M,2540
Patrick,M,2520
Brielle,F,2519
Kaleb,M,2510
Ivy,F,2489
Trinity,F,2485
Bryan,M,2478
Josephine,F,2477
Alan,M,2466
Adalyn,F,2450
Jocelyn,F,2441
Marcus,M,2436
Preston,M,2428
Abraham,M,2423
Calvin,M,2421
Colin,M,2414
Emery,F,2409
Adeline,F,2391
Bradley,M,2385
Jeremy,M,2380
Kyle,M,2374
Graham,M,2367
Jordyn,F,2362
Grant,M,2349
Ariel,F,2332
Jesse,M,2327
Kaden,M,2321
Everly,F,2315
Alejandro,M,2303
Lilly,F,2294
Oscar,M,2286
Paige,F,2278
Jase,M,2278
Karter,M,2272
Isla,F,2263
Lyla,F,2254
Maverick,M,2250
Aidan,M,2242
Makayla,F,2237
Molly,F,2235
Tucker,M,2219
Emilia,F,2206
Avery,M,2204
Amir,M,2200
Brian,M,2200
Mya,F,2189
Kendall,F,2186
Iker,M,2171
Melody,F,2168
Matteo,M,2155
Isabel,F,2148
Brooke,F,2139
Caden,M,2121
Zayden,M,2119
Mckenzie,F,2117
Nicole,F,2106
Payton,F,2103
Margaret,F,2089
Mariah,F,2087
Riley,M,2069
August,M,2059
Eden,F,2050
Mark,M,2050
Maximus,M,2047
Athena,F,2040
Amy,F,2031
Norah,F,2021
Brady,M,2020
Kenneth,M,2017
Paul,M,2015
Londyn,F,2013
Jaden,M,1998
Nicolas,M,1985
Valeria,F,1974
Beau,M,1966
Sara,F,1962
Aliyah,F,1958
Angelina,F,1952
Gracie,F,1934
Dean,M,1930
Rose,F,1928
Jake,M,1914
Peter,M,1913
Xander,M,1912
Rachel,F,1911
Juliana,F,1896
Elliot,M,1896
Laila,F,1883
Finn,M,1881
Brooklynn,F,1879
Valerie,F,1873
Derek,M,1872
Sean,M,1870
Cayden,M,1862
Elliott,M,1859
Alina,F,1851
Jax,M,1849
Reese,F,1848
Jasper,M,1839
Elise,F,1836
Lorenzo,M,1834
Omar,M,1831
Eliza,F,1816
Beckett,M,1816
Alaina,F,1805
Rowan,M,1799
Raelynn,F,1793
Leilani,F,1789
Catherine,F,1785
Emerson,F,1780
Gael,M,1774
Cecilia,F,1771
Corbin,M,1761
Genevieve,F,1760
Daisy,F,1754
Waylon,M,1753
Harmony,F,1740
Myles,M,1725
Vanessa,F,1720
Adriana,F,1719
Presley,F,1711
Rebecca,F,1709
Destiny,F,1706
Hayden,F,1703
Tanner,M,1703
Jorge,M,1699
Julianna,F,1698
Michelle,F,1692
Javier,M,1691
Zion,M,1674
Adelyn,F,1673
Arabella,F,1671
Summer,F,1671
Andres,M,1670
Callie,F,1669
Charlie,M,1662
Paxton,M,1662
Emiliano,M,1660
Kaitlyn,F,1651
Brooks,M,1650
Zane,M,1650
Ryleigh,F,1648
Lila,F,1639
Daniela,F,1636
Arya,F,1634
Simon,M,1633
Judah,M,1622
Alana,F,1611
Esther,F,1601
Griffin,M,1601
Finley,F,1598
Gabrielle,F,1591
Cody,M,1579
Gunner,M,1578
Jessica,F,1577
Dawson,M,1575
Israel,M,1563
Charlie,F,1554
Stephanie,F,1554
Tessa,F,1545
Rylan,M,1545
Makenzie,F,1541
Ana,F,1534
Amaya,F,1522
Alexandria,F,1521
Gage,M,1518
Alivia,F,1515
Nova,F,1511
Messiah,M,1509
River,M,1499
Kameron,M,1496
Anastasia,F,1493
Iris,F,1492
Marley,F,1487
Fiona,F,1484
Angela,F,1480
Giselle,F,1479
Stephen,M,1477
Francisco,M,1476
Kate,F,1469
Clayton,M,1466
Zander,M,1452
Alayna,F,1449
Chance,M,1444
Lola,F,1443
Lucia,F,1440
Eduardo,M,1440
Juliette,F,1439
Parker,F,1439
Teagan,F,1430
Sienna,F,1429
Spencer,M,1427
Lukas,M,1425
Georgia,F,1424
Hope,F,1423
Cali,F,1421
Vivienne,F,1419
Damien,M,1410
Dallas,M,1405
Izabella,F,1403
Kinley,F,1403
Conner,M,1400
Travis,M,1393
Daleyza,F,1389
Kylee,F,1386
Knox,M,1386
Jayla,F,1380
Raymond,M,1376
Katelyn,F,1374
Peyton,M,1372
Devin,M,1371
Felix,M,1369
Jayceon,M,1369
Collin,M,1365
Amari,M,1362
Erick,M,1360
Cash,M,1358
Juliet,F,1353
Jaiden,M,1347
Fernando,M,1345
Cristian,M,1343
Josue,M,1340
Keegan,M,1337
Garrett,M,1336
Rhett,M,1335
Ricardo,M,1334
Martin,M,1332
Reid,M,1331
Seth,M,1326
Maggie,F,1325
Dakota,F,1323
Delaney,F,1322
Brynlee,F,1314
Andre,M,1310
Keira,F,1306
Camille,F,1303
Cesar,M,1301
Titus,M,1300
Leila,F,1298
Mckenna,F,1295
Aniyah,F,1294
Donovan,M,1291
Manuel,M,1289
Mario,M,1285
Caiden,M,1284
Adriel,M,1282
Kyler,M,1282
Noelle,F,1277
Josie,F,1276
Jennifer,F,1275
Melissa,F,1273
Milo,M,1271
Archer,M,1265
Gabriela,F,1257
Allie,F,1255
Eloise,F,1255
Jeffrey,M,1252
Holden,M,1246
Arthur,M,1232
Cassidy,F,1230
Jacqueline,F,1222
Brynn,F,1218
Karson,M,1218
Sawyer,F,1217
Rafael,M,1213
Evangeline,F,1212
Jordan,F,1209
Paris,F,1208
Shane,M,1205
Lane,M,1203
Louis,M,1201
Angelo,M,1200
Olive,F,1197
Ayla,F,1196
Remington,M,1195
Troy,M,1193
Emerson,M,1191
Maximiliano,M,1188
Hector,M,1186
Rosalie,F,1184
Emilio,M,1182
Kali,F,1179
Anderson,M,1177
Trevor,M,1176
Maci,F,1173
Gemma,F,1166
Lilliana,F,1165
Raegan,F,1162
Lena,F,1155
Adelaide,F,1152
Phoenix,M,1152
Walter,M,1148
Journey,F,1145
Johnathan,M,1145
Johnny,M,1140
Adelynn,F,1137
Edwin,M,1137
Julius,M,1137
Alessandra,F,1136
Kenzie,F,1136
Barrett,M,1136
Miranda,F,1131
Leon,M,1130
Haley,F,1128
June,F,1127
Harley,F,1123
Charlee,F,1121
Tyson,M,1119
Lucille,F,1112
Talia,F,1112
Skyler,F,1111
Makenna,F,1109
Phoebe,F,1109
Tobias,M,1109
Edgar,M,1107
Jane,F,1106
Lyric,F,1103
Angel,F,1102
Dominick,M,1098
Elaina,F,1097
Adrianna,F,1094
Ruth,F,1092
Marshall,M,1090
Miriam,F,1089
Diana,F,1081
Mariana,F,1080
Danielle,F,1079
Marco,M,1079
Jenna,F,1078
Joaquin,M,1073
Shelby,F,1071
Nina,F,1070
Dante,M,1066
Madeleine,F,1062
Andy,M,1062
Elliana,F,1061
Cruz,M,1060
Ali,M,1059
Amina,F,1057
Amiyah,F,1055
Finley,M,1055
Chelsea,F,1053
Joanna,F,1053
Jada,F,1049
Lexi,F,1047
Katie,F,1043
Dalton,M,1043
Maddison,F,1042
Gideon,M,1042
Reed,M,1042
Fatima,F,1041
Vera,F,1041
Enzo,M,1039
Sergio,M,1039
Jett,M,1038
Thiago,M,1030
Kyrie,M,1027
Ronan,M,1024
Malia,F,1023
Lilah,F,1022
Madilyn,F,1021
Cohen,M,1014
Amanda,F,1013
Daniella,F,1013
Colt,M,1012
Erik,M,1012
Alexia,F,1010
Kathryn,F,1009
Paislee,F,1008
Selena,F,1008
Trenton,M,1005
Jared,M,1004
Laura,F,1003
Walker,M,1003
Annie,F,1001
Landen,M,1001
Nyla,F,1000
Catalina,F,999
Kayleigh,F,996
Sloane,F,996
Kamila,F,992
Alexis,M,989
Nash,M,989
Jaylen,M,988
Lia,F,987
Haven,F,985
Rowan,F,982
Ashlyn,F,975
Gregory,M,975
Emanuel,M,974
Christina,F,972
Amber,F,969
Killian,M,968
Myla,F,967
Addilyn,F,966
Erin,F,966
Allen,M,964
Alison,F,963
Ainsley,F,961
Raelyn,F,960
Atticus,M,958
Cadence,F,955
Kendra,F,955
Desmond,M,955
Shawn,M,955
Heidi,F,952
Grady,M,950
Kelsey,F,948
Nadia,F,945
Alondra,F,944
Cheyenne,F,943
Kaydence,F,943
Mikayla,F,941
River,F,941
Quinn,M,938
Frank,M,937
Fabian,M,936
Heaven,F,934
Dakota,M,931
Arielle,F,924
Roberto,M,923
Lana,F,920
Blakely,F,917
Sabrina,F,915
Kyla,F,914
Beckham,M,914
Ada,F,913
Gracelyn,F,913
Major,M,906
Allyson,F,903
Felicity,F,903
Kira,F,903
Briella,F,902
Kamryn,F,902
Skyler,M,902
Adaline,F,901
Alicia,F,901
Nehemiah,M,899
Ember,F,892
Aylin,F,891
Drew,M,885
Veronica,F,884
Cade,M,883
Muhammad,M,880
Esmeralda,F,879
Sage,F,878
Leslie,F,876
Aspen,F,873
Gia,F,871
Kendrick,M,870
Camilla,F,868
Pedro,M,868
Ashlynn,F,866
Scarlet,F,866
Orion,M,865
Aden,M,864
Kamden,M,861
Journee,F,860
Ruben,M,860
Zaiden,M,860
Daphne,F,858
Clark,M,858
Noel,M,858
Bianca,F,856
Mckinley,F,856
Porter,M,855
Amira,F,853
Solomon,M,853
Romeo,M,851
Rory,M,851
Carmen,F,849
Kyleigh,F,849
Malik,M,849
Megan,F,847
Daxton,M,847
Skye,F,845
Leland,M,845
Elsie,F,843
Kennedi,F,840
Averie,F,839
Carly,F,839
Rylie,F,839
Kash,M,836
Gracelynn,F,831
Mallory,F,831
Abram,M,831
Emersyn,F,827
Logan,F,827
Derrick,M,827
Camryn,F,822
Kade,M,822
Gunnar,M,821
Prince,M,818
Annabella,F,816
Brendan,M,816
Leonel,M,815
Kason,M,812
Dylan,F,811
Elle,F,811
Kiara,F,811
Braylon,M,810
Yaretzi,F,808
Ariella,F,807
Legend,M,807
Zara,F,804
Pablo,M,799
April,F,797
Jay,M,794
Gwendolyn,F,789
Anaya,F,786
Baylee,F,783
Brinley,F,783
Adan,M,783
Jensen,M,783
Sierra,F,778
Annalise,F,777
Tatum,F,775
Serena,F,774
Esteban,M,774
Dahlia,F,773
Kellan,M,772
Macy,F,771
Drake,M,771
Warren,M,770
Miracle,F,769
Ismael,M,767
Madelynn,F,763
Briana,F,762
Ari,M,762
Freya,F,761
Russell,M,761
Macie,F,760
Bruce,M,760
Finnegan,M,759
Marcos,M,759
Jayson,M,758
Theo,M,758
Helen,F,757
Bethany,F,756
Leia,F,755
Jaxton,M,755
Phillip,M,755
Harlow,F,754
Dexter,M,753
Braylen,M,750
Armando,M,749
Blake,F,748
Jayleen,F,748
Braden,M,747
Angelica,F,746
Corey,M,746
Marilyn,F,745
Kolton,M,744
Viviana,F,742
Gerardo,M,742
Francesca,F,740
Ace,M,734
Juniper,F,732
Ellis,M,732
Malcolm,M,732
Tate,M,731
Carolina,F,729
Jazmin,F,728
Emely,F,727
Zachariah,M,727
Maliyah,F,726
Chandler,M,725
Cataleya,F,723
Milan,M,723
Keith,M,722
Jillian,F,720
Joy,F,720
Abby,F,719
Malaysia,F,719
Nylah,F,719
Sarai,F,718
Evelynn,F,714
Danny,M,714
Nia,F,713
Damon,M,711
Zuri,F,709
Enrique,M,709
Jonas,M,709
Addyson,F,708
Kane,M,708
Aleah,F,706
Princeton,M,706
Hugo,M,704
Kaia,F,702
Ronald,M,702
Bristol,F,701
Philip,M,701
Lorelei,F,700
Jazmine,F,698
Maeve,F,698
Ibrahim,M,697
Alejandra,F,696
Justice,F,696
Kayson,M,696
Maximilian,M,695
Lawson,M,694
Harvey,M,693
Julie,F,691
Marlee,F,691
Phoenix,F,691
Jimena,F,690
Albert,M,690
Donald,M,690
Emmalyn,F,688
Nayeli,F,688
Raul,M,687
Aleena,F,686
Brittany,F,686
Franklin,M,686
Hendrix,M,686
Odin,M,685
Amara,F,684
Karina,F,684
Giuliana,F,683
Thea,F,683
Brennan,M,681
Jamison,M,680
Braelynn,F,679
Kassidy,F,679
Braelyn,F,678
Luciana,F,677
Aubrie,F,676
Janelle,F,676
Dillon,M,676
Madisyn,F,675
Brylee,F,674
Leighton,F,674
Ryan,F,674
Brock,M,674
Amari,F,673
Eve,F,673
Millie,F,672
Landyn,M,672
Mohamed,M,671
Kelly,F,670
Selah,F,670
Lacey,F,668
Willa,F,668
Brycen,M,666
Haylee,F,664
Deacon,M,664
Jaylah,F,662
Colby,M,662
Alec,M,661
Julio,M,661
Scott,M,661
Matias,M,660
Sullivan,M,660
Sylvia,F,658
Melany,F,655
Rodrigo,M,655
Elisa,F,653
Elsa,F,653
Cason,M,653
Taylor,M,653
Hattie,F,652
Raven,F,651
Rocco,M,651
Holly,F,650
Aisha,F,649
Nico,M,649
Itzel,F,648
Kyra,F,647
Tiffany,F,647
Royal,M,646
Pierce,M,645
Augustus,M,643
Jayda,F,641
Michaela,F,639
Madilynn,F,638
Jamie,F,636
Celeste,F,633
Raiden,M,631
Lilian,F,630
Remi,F,630
Kasen,M,629
Benson,M,628
Moses,M,628
Priscilla,F,627
Cyrus,M,627
Raylan,M,627
Jazlyn,F,625
Karen,F,624
Savanna,F,624
Davis,M,623
Khalil,M,622
Moises,M,622
Zariah,F,621
Conor,M,621
Nikolai,M,621
Lauryn,F,620
Alijah,M,620
Mathew,M,619
Keaton,M,618
Alanna,F,615
Kara,F,615
Francis,M,614
Karla,F,610
Quentin,M,610
Ty,M,609
Cassandra,F,608
Ariah,F,606
Evie,F,606
Frances,F,606
Jaime,M,605
Aileen,F,604
Lennon,F,604
Charley,F,603
Rosemary,F,602
Danna,F,601
Regina,F,601
Ronin,M,601
Kian,M,599
Kaelyn,F,597
Lennox,M,597
Virginia,F,596
Malakai,M,596
Hanna,F,595
Atlas,M,595
Rebekah,F,594
Jerry,M,594
Alani,F,593
Edith,F,593
Liana,F,591
Ryland,M,591
Charleigh,F,590
Gloria,F,590
Ahmed,M,588
Saul,M,588
Sterling,M,586
Cameron,F,585
Colette,F,584
Kailey,F,584
Dennis,M,584
Lawrence,M,580
Carter,F,579
Helena,F,579
Matilda,F,579
Zayne,M,579
Imani,F,578
Bodhi,M,578
Bridget,F,576
Cynthia,F,576
Janiyah,F,576
Marissa,F,575
Arjun,M,574
Darius,M,574
Johanna,F,573
Sasha,F,572
Arlo,M,572
Eden,M,571
Tony,M,571
Kaliyah,F,570
Dustin,M,570
Cecelia,F,568
Kellen,M,568
Adelina,F,567
Jessa,F,566
Hayley,F,565
Julissa,F,562
Winter,F,562
Chris,M,562
Mohammed,M,560
Nasir,M,560
Omari,M,560
Crystal,F,559
Kaylie,F,559
Bailee,F,558
Kieran,M,558
Nixon,M,558
Rhys,M,558
Charli,F,557
Henley,F,557
Anya,F,556
Maia,F,556
Skyla,F,556
Armani,M,556
Arturo,M,556
Liberty,F,555
Bowen,M,555
Frederick,M,555
Callen,M,552
Leonidas,M,552
Remy,M,552
Fernanda,F,551
Wade,M,551
Monica,F,550
Braylee,F,549
Dallas,F,548
Mariam,F,545
Luka,M,545
Marie,F,544
Jakob,M,544
Winston,M,544
Justice,M,543
Beatrice,F,540
Hallie,F,540
Alonzo,M,540
Curtis,M,540
Maryam,F,539
Aarav,M,539
Gustavo,M,539
Angelique,F,538
Anne,F,538
Madalyn,F,537
Alayah,F,536
Annika,F,536
Greta,F,531
Royce,M,531
Asa,M,530
Gannon,M,530
Kyson,M,530
Lilyana,F,529
Hank,M,529
Izaiah,M,527
Roy,M,527
Kadence,F,526
Raphael,M,526
Luciano,M,525
Coraline,F,524
Lainey,F,524
Mabel,F,524
Hayes,M,524
Lillie,F,523
Case,M,523
Darren,M,523
Mohammad,M,523
Otto,M,521
Anika,F,520
Layton,M,520
Azalea,F,519
Isaias,M,519
Dayana,F,518
Alberto,M,518
Jamari,M,518
Colten,M,516
Dax,M,516
Marvin,M,516
Jaliyah,F,515
Casey,M,515
Moshe,M,515
Addisyn,F,514
Johan,M,514
Sam,M,514
Matthias,M,513
Emilee,F,511
Mira,F,511
Larry,M,510
Trey,M,510
Angie,F,509
Lilith,F,508
Mae,F,508
Devon,M,508
Trent,M,508
Meredith,F,507
Mauricio,M,506
Guadalupe,F,505
Emelia,F,503
Margot,F,503
Mathias,M,503
Melina,F,501
Issac,M,501
Dorian,M,500
Aniya,F,498
Gianni,M,497
Alena,F,495
Ahmad,M,494
Myra,F,493
Nikolas,M,493
Oakley,M,493
Elianna,F,492
Caitlyn,F,491
Uriel,M,491
Jaelynn,F,490
Lewis,M,490
Randy,M,489
Cullen,M,488
Braydon,M,487
Ezequiel,M,487
Jaelyn,F,486
Reece,M,486
Jimmy,M,484
Demi,F,483
Crosby,M,482
Mikaela,F,481
Tiana,F,481
Blair,F,480
Shiloh,F,479
Soren,M,479
Ariyah,F,478
Saylor,F,478
Uriah,M,478
Roger,M,477
Nathanael,M,475
Caitlin,F,473
Emmitt,M,473
Gary,M,473
Rayan,M,473
Ricky,M,472
Lindsey,F,471
Oakley,F,471
Mitchell,M,471
Alia,F,470
Everleigh,F,469
Roland,M,469
Alfredo,M,468
Cannon,M,468
Jalen,M,468
Ivanna,F,467
Miah,F,467
Emmy,F,466
Jessie,F,466
Tatum,M,466
Kobe,M,465
Yusuf,M,465
Anahi,F,464
Kaylin,F,464
Ansley,F,463
Quinton,M,462
Annabel,F,460
Remington,F,460
Korbin,M,460
Kora,F,459
Maisie,F,458
Brayan,M,458
Joe,M,457
Nathalie,F,455
Byron,M,455
Ariel,M,453
Quincy,M,453
Emory,F,452
Carl,M,452
Karsyn,F,451
Pearl,F,451
Kristopher,M,451
Irene,F,450
Alvin,M,450
Duke,M,450
Lance,M,450
Kimber,F,449
Rosa,F,448
Lylah,F,447
Magnolia,F,447
London,M,447
Samara,F,446
Jasiah,M,446
Elliot,F,445
Renata,F,445
Boston,M,445
Galilea,F,444
Kensley,F,444
Kiera,F,444
Whitney,F,444
Santino,M,444
Amelie,F,443
Siena,F,443
Bria,F,441
Laney,F,441
Perla,F,441
Lennon,M,440
Tatiana,F,439
Zelda,F,439
Deandre,M,439
Jaycee,F,438
Kori,F,438
Montserrat,F,438
Lorelai,F,437
Madden,M,437
Talon,M,437
Adele,F,436
Elyse,F,436
Katelynn,F,436
Kynlee,F,436
Sylas,M,436
Marina,F,434
Orlando,M,434
Jayden,F,433
Kailyn,F,433
Hamza,M,432
Avah,F,431
Kenley,F,431
Bo,M,431
Aldo,M,430
Douglas,M,430
Tristen,M,430
Wilson,M,430
Aviana,F,429
Maurice,M,429
Armani,F,428
Dulce,F,428
Samson,M,428
Alaia,F,427
Cayson,M,427
Teresa,F,426
Natasha,F,425
Bryant,M,425
Conrad,M,425
Milani,F,424
Amirah,F,423
Breanna,F,423
Linda,F,423
Tenley,F,423
Dane,M,423
Julien,M,423
Sincere,M,423
Sutton,F,422
Noe,M,422
Elaine,F,421
Elliott,F,421
Salvador,M,421
Aliza,F,420
Nelson,M,420
Kenna,F,419
Meadow,F,419
Alyson,F,418
Edison,M,418
Ramon,M,418
Rory,F,417
Lucian,M,417
Mekhi,M,417
Niko,M,417
Milana,F,416
Ayaan,M,416
Erica,F,415
Esme,F,414
Leona,F,414
Vihaan,M,414
Joselyn,F,413
Neil,M,413
Madalynn,F,412
Titan,M,412
Alma,F,411
Chanel,F,411
Myah,F,411
Karter,F,410
Zahra,F,410
Ernesto,M,410
Audrina,F,409
Ariya,F,408
Jemma,F,408
Eileen,F,407
Brentley,M,407
Kallie,F,406
Milan,F,406
Emmalynn,F,405
Lionel,M,405
Zayn,M,405
Lailah,F,404
Sloan,F,404
Clarissa,F,403
Karlee,F,403
Laylah,F,403
Dominik,M,403
Amiya,F,402
Collins,F,402
Ellen,F,401
Cassius,M,401
Rowen,M,401
Hadassah,F,400
Danica,F,399
Jaylene,F,399
Blaine,M,399
Sage,M,399
Averi,F,398
Reyna,F,398
Kelvin,M,398
Saige,F,397
Wren,F,397
Lexie,F,396
Dorothy,F,395
Lilianna,F,395
Jaxen,M,395
Memphis,M,395
Monroe,F,393
Leonard,M,393
Aryanna,F,392
Elisabeth,F,392
Ivory,F,392
Abdullah,M,392
Jacoby,M,392
Liv,F,391
Janessa,F,390
Jaylynn,F,390
Livia,F,390
Rayna,F,390
Allan,M,390
Jagger,M,389
Yahir,M,389
Alaya,F,387
Malaya,F,387
Forrest,M,387
Guillermo,M,387
Mack,M,387
Zechariah,M,387
Harley,M,386
Cara,F,385
Erika,F,385
Terry,M,385
Amani,F,384
Clare,F,384
Kylan,M,384
Addilynn,F,383
Roselyn,F,383
Fletcher,M,383
Rohan,M,383
Corinne,F,382
Paola,F,382
Jolene,F,381
Eddie,M,381
Anabelle,F,380
Bronson,M,380
Aliana,F,379
Lea,F,379
Mara,F,379
Jefferson,M,378
Lennox,F,377
Rayden,M,377
Claudia,F,376
Kristina,F,376
Terrance,M,376
Jaylee,F,375
Kaylynn,F,375
Zariyah,F,375
Marc,M,375
Morgan,M,375
Valentino,M,375
Gwen,F,374
Kinslee,F,374
Demetrius,M,374
Avianna,F,373
Lisa,F,373
Raquel,F,373
Kristian,M,373
Jolie,F,372
Carolyn,F,371
Courtney,F,371
Penny,F,371
Royal,F,371
Hezekiah,M,371
Lee,M,371
Alannah,F,370
Ciara,F,370
Chaya,F,369
Kassandra,F,369
Milena,F,369
Alessandro,M,369
Makai,M,369
Rex,M,369
Mina,F,368
Noa,F,368
Callum,M,368
Leanna,F,367
Zoie,F,367
Ariadne,F,366
Monserrat,F,366
Nola,F,366
Kamari,M,366
Carlee,F,365
Isabela,F,365
Jazlynn,F,365
Kairi,F,365
Laurel,F,365
Sky,F,365
Rosie,F,364
Casen,M,364
Tripp,M,364
Callan,M,363
Stanley,M,363
Toby,M,363
Elian,M,362
Arely,F,361
Aubrielle,F,361
Kenia,F,361
Noemi,F,361
Scarlette,F,361
Langston,M,361
Melvin,M,361
Payton,M,361
Farrah,F,360
Leyla,F,360
Flynn,M,360
Jamir,M,360
Kyree,M,360
Aryan,M,359
Amia,F,358
Bryanna,F,358
Axton,M,358
Azariah,M,358
Branson,M,358
Naya,F,357
Wynter,F,357
Reese,M,357
Hunter,F,356
Katalina,F,356
Adonis,M,356
Taliyah,F,355
Thaddeus,M,355
Amaris,F,354
Emerie,F,354
Martha,F,354
Thalia,F,354
Zeke,M,354
Christine,F,352
Estrella,F,352
Brenna,F,351
Milania,F,351
Salma,F,351
Tommy,M,351
Lillianna,F,350
Marjorie,F,350
Blaze,M,350
Carmelo,M,350
Shayla,F,349
Zendaya,F,349
Skylar,M,349
Aurelia,F,348
Brenda,F,348
Julieta,F,348
Arian,M,347
Bruno,M,347
Adilynn,F,346
Deborah,F,346
Keyla,F,346
Patricia,F,346
Kaysen,M,346
Layne,M,346
Ray,M,346
Emmeline,F,345
Hadlee,F,345
Zain,M,345
Giovanna,F,344
Kailee,F,344
Desiree,F,342
Crew,M,342
Jedidiah,M,342
Rodney,M,342
Casey,F,341
Karlie,F,341
Khaleesi,F,341
Lara,F,341
Tori,F,341
Clay,M,341
Tomas,M,341
Clementine,F,340
Nancy,F,340
Simone,F,340
Alden,M,340
Ayleen,F,339
Estelle,F,339
Jadiel,M,339
Celine,F,338
Madyson,F,338
Zaniyah,F,338
Harper,M,338
Adley,F,337
Amalia,F,337
Paityn,F,337
Ares,M,337
Kathleen,F,336
Sandra,F,336
Cory,M,336
Lizbeth,F,335
Maleah,F,334
Micah,F,334
Brecken,M,334
Chaim,M,334
Nickolas,M,334
Aryana,F,333
Hailee,F,333
Kareem,M,333
Xzavier,M,333
Aiyana,F,332
Joyce,F,332
Ryann,F,332
Kaison,M,332
Caylee,F,331
Kalani,F,331
Marisol,F,331
Nathaly,F,331
Alonso,M,331
Amos,M,331
Vicente,M,331
Briar,F,330
Samir,M,330
Yosef,M,330
Holland,F,329
Lindsay,F,328
Remy,F,328
Jamal,M,328
Jon,M,328
Adrienne,F,327
Azariah,F,326
Harlee,F,326
Dana,F,325
Frida,F,325
Marianna,F,325
Yamileth,F,325
Bobby,M,325
Chana,F,324
Kaya,F,324
Lina,F,324
Aron,M,324
Ben,M,324
Ford,M,324
Celia,F,323
Brodie,M,323
Cain,M,323
Analia,F,322
Hana,F,322
Finnley,M,322
Jayde,F,321
Joslyn,F,321
Romina,F,321
Briggs,M,321
Davion,M,321
Kingsley,M,321
Anabella,F,320
Barbara,F,320
Brett,M,320
Bryleigh,F,319
Emilie,F,319
Nathalia,F,319
Wayne,M,319
Zackary,M,319
Ally,F,318
Evalyn,F,318
Apollo,M,318
Emery,M,318
Joziah,M,318
Lucca,M,318
Bonnie,F,317
Zaria,F,317
Carla,F,316
Estella,F,316
Kailani,F,316
Rivka,F,316
Rylan,F,316
Bentlee,M,316
Hassan,M,316
Westin,M,316
Paulina,F,314
Joey,M,314
Vance,M,314
Kayden,F,313
Marcelo,M,313
Giana,F,312
Yareli,F,312
Axl,M,312
Jermaine,M,312
Chad,M,311
Kaiya,F,310
Sariah,F,310
Gerald,M,310
Kole,M,310
Avalynn,F,309
Jasmin,F,309
Dash,M,309
Dayton,M,309
Aya,F,308
Jewel,F,308
Kristen,F,308
Paula,F,308
Astrid,F,307
Jordynn,F,307
Kenya,F,307
Lachlan,M,307
Shaun,M,307
Ann,F,306
Annalee,F,306
Kai,F,306
Kody,M,306
Ronnie,M,306
Kiley,F,305
Marleigh,F,305
Kolten,M,305
Marcel,M,305
Stetson,M,305
Julianne,F,304
Zion,F,304
Emmaline,F,303
Nataly,F,303
Willie,M,303
Aminah,F,302
Amya,F,302
Iliana,F,302
Jaida,F,302
Paloma,F,302
Jeffery,M,302
Asia,F,301
Louisa,F,301
Sarahi,F,301
Tara,F,301
Brantlee,M,301
Andi,F,300
Arden,F,300
Dalary,F,300
Elisha,M,300
Maxim,M,300
Aimee,F,299
Alisson,F,299
Halle,F,299
Kendall,M,299
Aitana,F,298
Harry,M,298
Leandro,M,298
Landry,F,297
Alisha,F,296
Elin,F,296
Maliah,F,296
Aaden,M,296
Channing,M,296
Kohen,M,296
Yousef,M,296
Belen,F,295
Briley,F,295
Darian,M,295
Raina,F,294
Vienna,F,294
Enoch,M,294
Mayson,M,294
Neymar,M,294
Esperanza,F,293
Giovani,M,293
Judith,F,292
Alfonso,M,292
Duncan,M,292
Faye,F,291
Anders,M,291
Braeden,M,291
Dwayne,M,291
Keagan,M,291
Susan,F,290
Felipe,M,290
Aliya,F,289
Aranza,F,289
Yasmin,F,289
Fisher,M,289
Stefan,M,289
Jaylin,F,288
Kyndall,F,288
Saniyah,F,288
Wendy,F,288
Yaritza,F,288
Azaria,F,287
Kaelynn,F,287
Neriah,F,287
Zainab,F,287
Trace,M,287
Alissa,F,286
Cherish,F,286
Dixie,F,286
Veda,F,286
Aydin,M,286
Nala,F,285
Tabitha,F,285
Anson,M,285
Cordelia,F,284
Ellison,F,284
Meilani,F,284
Clyde,M,284
Angeline,F,283
Reina,F,283
Tegan,F,283
Blaise,M,283
Canaan,M,283
Maxton,M,283
Hadleigh,F,282
Harmoni,F,282
Kimora,F,282
Ingrid,F,281
Lilia,F,281
Luz,F,281
Alexzander,M,281
Billy,M,281
Harold,M,281
Aislinn,F,280
America,F,280
Ellis,F,280
Elora,F,280
Heather,F,280
Natalee,F,280
Baylor,M,280
Miya,F,279
Heavenly,F,278
Jenny,F,278
Aubriella,F,277
Emmalee,F,277
Kensington,F,277
Kiana,F,277
Lilyanna,F,277
Tinley,F,277
Gordon,M,277
Ophelia,F,276
Rene,M,276
Terrence,M,276
Vincenzo,M,276
Moriah,F,275
Sharon,F,275
Kamdyn,M,275
Marlon,M,275
Charlize,F,274
Castiel,M,274
Lamar,M,274
Abril,F,273
Avalyn,F,273
Mariyah,F,273
Taya,F,273
Augustine,M,273
Jamie,M,273
Ireland,F,272
Lyra,F,272
Noor,F,272
Sariyah,F,272
Eugene,M,272
Giavanna,F,271
Stevie,F,271
Harlan,M,271
Kase,M,271
Miller,M,271
Van,M,271
Rhea,F,270
Zaylee,F,270
Kolby,M,270
Sonny,M,270
Denise,F,269
Frankie,F,269
Janiya,F,269
Jocelynn,F,269
Libby,F,269
Emory,M,269
Junior,M,269
Aubrianna,F,268
Kaitlynn,F,268
Graysen,M,268
Heath,M,268
Rogelio,M,268
Will,M,268
Princess,F,267
Sidney,F,267
Amare,M,267
Ameer,M,267
Camdyn,M,267
Jerome,M,267
Maison,M,267
Alianna,F,266
Mollie,F,266
Micheal,M,266
Aadhya,F,265
Janae,F,265
Mattie,F,265
Tinsley,F,265
Cristiano,M,265
Giancarlo,M,265
Henrik,M,265
Lochlan,M,265
Aliah,F,264
Ari,F,264
Aubri,F,264
Kaidence,F,264
Danika,F,263
Jana,F,263
Mavis,F,263
Bode,M,263
Camron,M,263
Houston,M,263
Otis,M,263
Mercy,F,262
Hugh,M,262
Kannon,M,262
Konnor,M,262
Antonia,F,261
India,F,261
Miley,F,261
Raylee,F,261
Emmet,M,261
Kamryn,M,261
Maximo,M,261
Antonella,F,260
Regan,F,260
Robin,F,260
Adrien,M,260
Cedric,M,260
Dariel,M,260
Landry,M,260
Leighton,M,260
Magnus,M,260
Abrielle,F,259
Akira,F,259
Ayva,F,259
Cambria,F,259
Dani,F,259
Devyn,F,259
Mckayla,F,259
Rayne,F,259
Draven,M,259
Javon,M,259
Marley,M,259
Zavier,M,259
Alyvia,F,258
Diamond,F,258
Markus,M,258
Abbigail,F,257
Diya,F,257
Poppy,F,257
Justus,M,256
Anais,F,255
Anniston,F,255
Dalia,F,255
Reyansh,M,255
Rudy,M,255
Santana,M,255
Alisa,F,254
Ayana,F,254
Ellery,F,254
Misael,M,254
Addalyn,F,253
Charleston,F,253
Abdiel,M,253
Davian,M,253
Zaire,M,253
Amora,F,252
Ellianna,F,252
Samiyah,F,252
Jordy,M,252
Reginald,M,252
Mylah,F,251
Benton,M,251
Darwin,M,251
Franco,M,251
Jairo,M,251
Jonathon,M,251
Reuben,M,251
Urijah,M,251
Vivaan,M,251
Amayah,F,250
Carlie,F,250
Robyn,F,250
Brent,M,250
Gauge,M,250
Alaysia,F,249
Harleigh,F,249
Kaleigh,F,249
Temperance,F,249
Vaughn,M,249
Belle,F,248
Chandler,F,248
Cindy,F,248
Elina,F,248
Kaylani,F,248
Maddie,F,248
Shannon,F,248
Coleman,M,248
Zaid,M,248
Araceli,F,247
Audriana,F,247
Taryn,F,247
Terrell,M,247
Macey,F,246
Kenny,M,246
Londynn,F,245
Tamia,F,245
Brice,M,245
Bayleigh,F,244
Carina,F,244
Evalynn,F,244
Promise,F,244
Lyric,M,244
Ayanna,F,243
Sonia,F,243
Judson,M,243
Shiloh,M,243
August,F,242
Austyn,F,242
Emmie,F,242
Etta,F,242
Ramona,F,242
Damari,M,242
Kalel,M,242
Joelle,F,241
Paisleigh,F,241
Treasure,F,241
Aanya,F,240
Berkley,F,240
Everlee,F,240
Louise,F,240
Vada,F,240
Vivien,F,240
Braiden,M,240
Brenden,M,240
Coen,M,240
Denver,M,240
Javion,M,240
Thatcher,M,240
Renee,F,239
Rey,M,239
Meghan,F,238
Pyper,F,238
Dilan,M,238
Patience,F,237
Spencer,F,237
Dimitri,M,237
Immanuel,M,237
Mustafa,M,237
Ulises,M,237
Gwyneth,F,236
Kasey,F,236
Mercedes,F,236
Alvaro,M,236
Dominique,M,236
Eliseo,M,236
Ailyn,F,235
Carleigh,F,235
Karleigh,F,235
Anakin,M,235
Craig,M,235
Neveah,F,234
Rilynn,F,234
Saanvi,F,234
Sailor,F,234
Dario,M,234
Santos,M,234
Cristina,F,233
Honesty,F,233
Magdalena,F,233
Marian,F,233
Maylee,F,233
Grey,M,233
Ishaan,M,233
Carley,F,232
Scout,F,232
Jessie,M,232
Jonael,M,232
Maxine,F,231
Reign,F,231
Alfred,M,231
Tyrone,M,231
Valentin,M,231
Kourtney,F,230
Lesly,F,230
Taraji,F,230
Jadon,M,230
Turner,M,230
Maren,F,229
Opal,F,229
Ignacio,M,229
Riaan,M,229
Rocky,M,229
Jurnee,F,228
Keily,F,228
Riya,F,228
Ephraim,M,228
Marquis,M,228
Jubilee,F,227
Kylah,F,227
Tess,F,227
Musa,M,227
Rosalee,F,226
Keenan,M,226
Ridge,M,226
Addie,F,225
Adela,F,225
Fallon,F,225
Itzayana,F,225
Natalya,F,225
Chace,M,225
Kymani,M,225
Rodolfo,M,225
Adalee,F,224
Campbell,F,224
Krystal,F,224
Luisa,F,224
Makena,F,224
Samira,F,224
Darrell,M,224
Steve,M,224
Agustin,M,223
Jaziel,M,223
Micaela,F,222
Rosalyn,F,222
Adilene,F,221
Jenesis,F,221
Kailynn,F,221
Kelsie,F,221
Sally,F,221
Selina,F,221
Sherlyn,F,221
Whitley,F,221
Bree,F,220
Maisy,F,220
Marlowe,F,220
Violeta,F,220
Xiomara,F,220
Boone,M,220
Cairo,M,220
Kashton,M,220
Rashad,M,220
Aubriana,F,219
Gibson,M,219
Jabari,M,219
Addalynn,F,218
Calliope,F,218
Kataleya,F,218
Royalty,F,218
Avi,M,218
Quintin,M,218
Seamus,M,218
Izabelle,F,217
Kamilah,F,217
Rolando,M,217
Sutton,M,217
Adilyn,F,216
Aleigha,F,216
Gracyn,F,216
Katerina,F,216
Larissa,F,216
Loretta,F,216
Sunny,F,216
Camilo,M,216
Triston,M,216
Yehuda,M,216
Audrianna,F,215
Baylor,F,215
Blaire,F,215
Brynleigh,F,215
Elodie,F,215
Katrina,F,215
Novalee,F,215
Cristopher,M,215
Davin,M,215
Ernest,M,215
Jamarion,M,215
Kamren,M,215
Salvatore,M,215
Addelyn,F,214
Dalilah,F,214
Davina,F,214
Florence,F,214
Kaleah,F,214
Marlene,F,214
Selene,F,214
Anton,M,214
Aydan,M,214
Huxley,M,214
Jovani,M,214
Wilder,M,214
Alessia,F,213
Bryn,F,213
Della,F,213
Karma,F,213
Bodie,M,213
Jordyn,M,213
Louie,M,213
Abbie,F,212
Cecily,F,212
Drew,F,212
Sylvie,F,212
Achilles,M,212
Kaeden,M,212
Kamron,M,212
Ila,F,211
Kamille,F,211
Milah,F,211
Tia,F,211
Winnie,F,211
Aarush,M,211
Deangelo,M,211
Robin,M,211
Yadiel,M,211
Yahya,M,211
Annelise,F,209
Beatrix,F,209
Emani,F,209
Lillyanna,F,209
Theresa,F,209
Boden,M,209
Ean,M,209
Kye,M,209
Kylen,M,209
Todd,M,209
Truman,M,209
Kalia,F,208
Kaylen,F,208
Lillyana,F,208
Malayah,F,208
Chevy,M,208
Gilbert,M,208
Haiden,M,208
Deanna,F,207
Jacquelyn,F,207
Kinlee,F,207
Maritza,F,207
Marlie,F,207
Noel,F,207
Brixton,M,207
Dangelo,M,207
Juelz,M,207
Osvaldo,M,207
Ailani,F,206
Amiah,F,206
Bishop,M,206
Freddy,M,206
Reagan,M,206
Alora,F,205
Ezra,F,205
Stacy,F,205
Valery,F,205
Frankie,M,205
Malaki,M,205
Kinzley,F,204
Leela,F,204
Lianna,F,204
Camren,M,204
Deshawn,M,204
Jayvion,M,204
Leroy,M,204
Giada,F,203
Raya,F,203
Seraphina,F,203
Violette,F,203
Briar,M,203
Jaydon,M,203
Brynley,F,202
Charity,F,202
Geneva,F,202
Tyler,F,202
Antoine,M,202
Ayan,M,202
Harris,M,202
Tyree,M,202
Bexley,F,201
Caydence,F,201
Elayna,F,201
Preslee,F,201
Harlem,M,201
Simeon,M,201
Tristian,M,201
Elia,F,200
Haleigh,F,200
Taj,M,200
Annabeth,F,199
Ashtyn,F,199
Coral,F,199
Soraya,F,199
Yara,F,199
Brysen,M,199
Clinton,M,199
Deon,M,199
Kooper,M,199
Semaj,M,199
Destinee,F,198
Kaley,F,198
Sanaa,F,198
Jair,M,198
Jericho,M,198
Rayyan,M,198
Teagan,M,198
Yaakov,M,198
Dania,F,197
Denver,F,197
Egypt,F,197
Janice,F,197
Mika,F,197
Abner,M,197
Bridger,M,197
Keanu,M,197
Koen,M,197
Ramiro,M,197
Anayah,F,196
Delia,F,196
Malani,F,196
Vivianna,F,196
Eliezer,M,196
Ira,M,196
Isai,M,196
Khalid,M,196
Yisroel,M,196
Anneliese,F,195
Maryjane,F,195
Nahla,F,195
Nellie,F,195
Raylynn,F,195
Braylin,M,195
Danilo,M,195
Foster,M,195
Aliyana,F,194
Eisley,F,194
Estefania,F,194
Jovie,F,194
Karissa,F,194
Leilah,F,194
Miyah,F,194
Alistair,M,194
Mike,M,194
Emerald,F,193
Karis,F,193
Kaycee,F,193
Leena,F,193
Fox,M,193
Makhi,M,193
Randall,M,193
Westley,M,193
Brisa,F,192
Caleigh,F,192
Kendal,F,192
Howard,M,192
Koda,M,192
Zamir,M,192
Belinda,F,191
Cassie,F,191
Lorena,F,191
Cortez,M,191
Darryl,M,191
Garrison,M,191
Shmuel,M,191
Aiyanna,F,190
Audra,F,190
Britney,F,190
Kamiyah,F,190
Kaylyn,F,190
Susanna,F,190
Jamar,M,190
Krish,M,190
Merrick,M,190
Zyaire,M,190
Agnes,F,189
Ashton,F,189
Christiana,F,189
Mayra,F,189
Shea,F,189
Tianna,F,189
Gilberto,M,189
Jovanni,M,189
Mccoy,M,189
Ali,F,188
Margo,F,188
Nalani,F,188
Nya,F,188
Rita,F,188
Viola,F,188
Brayson,M,188
Camryn,M,188
Derick,M,188
Maddux,M,188
Laniyah,F,187
Nyomi,F,187
Vida,F,187
Darien,M,187
Efrain,M,187
Gatlin,M,187
Tadeo,M,187
Betty,F,186
Milagros,F,186
Skylynn,F,186
Ahmir,M,186
Denzel,M,186
Gino,M,186
Jaycob,M,186
Leif,M,186
Alex,F,185
Haylie,F,185
Karli,F,185
Meera,F,185
Rylynn,F,185
Branden,M,185
Octavio,M,185
Roderick,M,185
Wesson,M,185
Youssef,M,185
Zayd,M,185
Isabell,F,184
Aida,F,183
Bellamy,F,183
Bentley,F,183
Blessing,F,183
Gisselle,F,183
Ivana,F,183
Karmen,F,183
Kinleigh,F,183
Imran,M,183
Konner,M,183
Lyle,M,183
Tristin,M,183
Rachael,F,182
Karsen,M,182
Ralph,M,182
Rylen,M,182
Kendyl,F,181
Malak,F,181
Shirley,F,181
Alaric,M,181
Decker,M,181
Demarcus,M,181
Aarya,F,180
Irie,F,180
Maite,F,180
Roslyn,F,180
Yesenia,F,180
Clarence,M,180
Elvis,M,180
Karl,M,180
Kenton,M,180
Ulysses,M,180
Asha,F,179
Harriet,F,179
Hayleigh,F,179
Kacey,F,179
Rebeca,F,179
Samiya,F,179
Aayden,M,179
Gerard,M,179
Karim,M,179
Sidney,M,179
Clover,F,178
Karley,F,178
Kyrie,F,178
Lilyann,F,178
Reece,F,178
Roxanne,F,178
Aston,M,178
Greysen,M,178
Yael,M,178
Annaleigh,F,177
Annaliese,F,177
Carson,F,177
Kayleen,F,177
Khadija,F,177
Linnea,F,177
Malka,F,177
Tamara,F,177
Toni,F,177
Dale,M,177
Jaxx,M,177
Annette,F,176
Brinlee,F,176
Guinevere,F,176
Luella,F,176
Palmer,F,176
Rihanna,F,176
Rubi,F,176
Saniya,F,176
Sarina,F,176
Hollis,M,176
Isiah,M,176
Mac,M,176
Yaseen,M,176
Cailyn,F,175
Colbie,F,175
Emalyn,F,175
Evelina,F,175
Kaitlin,F,175
Karly,F,175
Katarina,F,175
Persephone,F,175
Vayda,F,175
Aidyn,M,175
Cormac,M,175
Kale,M,175
Jaleah,F,174
Jazmyn,F,174
Kyndal,F,174
Leilany,F,174
Petra,F,174
Eason,M,174
Ananya,F,173
Araya,F,173
Audree,F,173
Brayleigh,F,173
Celina,F,173
Flora,F,173
Mayah,F,173
Octavia,F,173
Zoya,F,173
Dashiell,M,173
Eliot,M,173
Jaxxon,M,173
Jesiah,M,173
Nigel,M,173
Rylee,M,173
Shepherd,M,173
Arantza,F,172
Farah,F,172
Jakayla,F,172
Kinsey,F,172
Edmund,M,172
Capri,F,171
Emiliana,F,171
Shanaya,F,171
Shay,F,171
Sofie,F,171
Yazmin,F,171
Deegan,M,171
Gavyn,M,171
Reynaldo,M,171
Tyrell,M,171
Arlene,F,170
Finnley,F,170
Grecia,F,170
Jacey,F,170
Marcella,F,170
Melinda,F,170
Priya,F,170
Skylah,F,170
Zayla,F,170
Brendon,M,170
Colson,M,170
Corbyn,M,170
Izayah,M,170
Jaylin,M,170
Korbyn,M,170
Calista,F,169
Isadora,F,169
Keila,F,169
Shaylee,F,169
Brenton,M,169
Giovanny,M,169
Joan,M,169
Menachem,M,169
Pierre,M,169
Shlomo,M,169
Areli,F,168
Grayson,F,168
Jazelle,F,168
Silvia,F,168
Jad,M,168
Jeremias,M,168
Johnathon,M,168
Sami,M,168
Carsyn,F,167
Darcy,F,167
Elissa,F,167
Janie,F,167
Jazzlyn,F,167
Kiersten,F,167
Shreya,F,167
Damarion,M,167
Gonzalo,M,167
Kalvin,M,167
Mordechai,M,167
Vladimir,M,167
Emi,F,166
Nyah,F,166
Pamela,F,166
Tesla,F,166
Aedan,M,166
Andie,F,165
Dayanna,F,165
Delanie,F,165
Kenleigh,F,165
Jarrett,M,165
Jaylon,M,165
Lian,M,165
Stephan,M,165
Anabel,F,164
Izzabella,F,164
Yaretzy,F,164
Carsen,M,164
Cristobal,M,164
Finnian,M,164
Glenn,M,164
Lathan,M,164
Lenny,M,164
Maxx,M,164
Abbey,F,163
Carissa,F,163
Elinor,F,163
Keziah,F,163
Legacy,F,163
Sonya,F,163
Zahara,F,163
Corban,M,163
Deklan,M,163
Gus,M,163
Kabir,M,163
Kennedy,M,163
Mariano,M,163
Alanah,F,162
Cheyanne,F,162
Haddie,F,162
Jaylyn,F,162
Leigha,F,162
Maribel,F,162
Nadine,F,162
Salem,F,162
Yuliana,F,162
Davon,M,162
Jovan,M,162
Amaia,F,161
Damaris,F,161
Litzy,F,161
Koa,M,161
Linus,M,161
Lucien,M,161
Trystan,M,161
Azul,F,160
Gretchen,F,160
Journi,F,160
Mariella,F,160
Daryl,M,160
Ronaldo,M,160
Yair,M,160
Aadya,F,159
Annabell,F,159
Dariana,F,159
Donna,F,159
Emme,F,159
Ida,F,159
Judy,F,159
Layan,F,159
Hakeem,M,159
Syed,M,159
Tiago,M,159
Aislynn,F,158
Darlene,F,158
Hailie,F,158
Jaclyn,F,158
Kya,F,158
Lucie,F,158
Nailah,F,158
Nayla,F,158
Saoirse,F,158
Shyla,F,158
Aditya,M,158
Broderick,M,158
Jayse,M,158
Shimon,M,158
Zev,M,158
Alba,F,157
Ariela,F,157
Dior,F,157
Lincoln,F,157
Oaklee,F,157
Tallulah,F,157
Yasmine,F,157
Amar,M,157
Ansel,M,157
Dhruv,M,157
Ismail,M,157
Jakobe,M,157
Jordi,M,157
Keller,M,157
Ledger,M,157
Maksim,M,157
Ross,M,157
Dina,F,156
Essence,F,156
Jamiyah,F,156
Kamari,F,156
Lacy,F,156
Rayleigh,F,156
Rowyn,F,156
Tina,F,156
Winifred,F,156
Karsyn,M,156
Kent,M,156
Slade,M,156
Thorin,M,156
Eleanora,F,155
Ema,F,155
Evangelina,F,155
Marin,F,155
Stephany,F,155
Adolfo,M,155
Brogan,M,155
Marcello,M,155
Mikael,M,155
Ashanti,F,154
Elly,F,154
Emmerson,F,154
Leticia,F,154
Lidia,F,154
Nariah,F,154
Raleigh,F,154
Sanai,F,154
Tania,F,154
Zella,F,154
Donte,M,154
German,M,154
Jean,M,154
Jorden,M,154
Kaidyn,M,154
Kyren,M,154
Smith,M,154
Stone,M,154
Aaleyah,F,153
Analise,F,153
Aniston,F,153
Carmella,F,153
Janet,F,153
Kenlee,F,153
Kynleigh,F,153
Maura,F,153
Naima,F,153
Adler,M,153
Aries,M,153
Cian,M,153
Guy,M,153
Lyndon,M,153
Wallace,M,153
Zahir,M,153
Bernadette,F,152
Chasity,F,152
Kynslee,F,152
Addison,M,152
Cornelius,M,152
Milton,M,152
Nick,M,152
Nikko,M,152
Raheem,M,152
Aracely,F,151
Austin,F,151
Ayesha,F,151
Beverly,F,151
Blythe,F,151
Kenzi,F,151
Mireya,F,151
Benedict,M,151
Bilal,M,151
Kyron,M,151
Neal,M,151
Adalie,F,150
Avalon,F,150
Jael,F,150
Lakyn,F,150
Suri,F,150
Yoselin,F,150
Carmine,M,150
Damion,M,150
Kyan,M,150
Viaan,M,150
Zack,M,150
Abbygail,F,149
Harlie,F,149
Kalea,F,149
Pepper,F,149
Yaneli,F,149
Bernard,M,149
Darnell,M,149
Fredrick,M,149
Gian,M,149
Jionni,M,149
Ayah,F,148
Denisse,F,148
Queen,F,148
Vivianne,F,148
Elmer,M,148
Mikel,M,148
Murphy,M,148
Aarna,F,147
Emeri,F,147
Yvette,F,147
Aubrey,M,147
Beck,M,147
Brighton,M,147
Ishmael,M,147
Jet,M,147
Zyon,M,147
Anita,F,146
Carli,F,146
Elana,F,146
Gwenyth,F,146
Jaylen,F,146
Kamiya,F,146
Lela,F,146
Marion,F,146
Quincy,F,146
Alton,M,146
Emir,M,146
Ever,M,146
Josias,M,146
Norman,M,146
Yitzchok,M,146
Amyra,F,145
Anjali,F,145
Bridgette,F,145
Charlene,F,145
Eunice,F,145
Indie,F,145
Jersey,F,145
Rosalind,F,145
Archie,M,145
Armaan,M,145
Cael,M,145
Clifford,M,145
Humberto,M,145
Jai,M,145
Kallen,M,145
Marcellus,M,145
Masen,M,145
Maiya,F,144
Malina,F,144
Sapphire,F,144
Aleksander,M,144
Kruz,M,144
Meir,M,144
Noble,M,144
Tayden,M,144
Viktor,M,144
Arianny,F,143
Ayvah,F,143
Kamilla,F,143
Korra,F,143
Aamir,M,143
Aayan,M,143
Andreas,M,143
Bastian,M,143
Cal,M,143
Carlo,M,143
Salman,M,143
Constance,F,142
Estefany,F,142
Iyanna,F,142
Katy,F,142
Destin,M,142
Eder,M,142
Elam,M,142
Mikhail,M,142
Wes,M,142
Imogen,F,141
Jailyn,F,141
Kamora,F,141
Keilani,F,141
Prisha,F,141
Rosalina,F,141
Taliah,F,141
Amarion,M,141
Brennen,M,141
Carver,M,141
Colter,M,141
Gray,M,141
Monroe,M,141
Nikola,M,141
Vince,M,141
Aila,F,140
Alanis,F,140
Kacie,F,140
Kaila,F,140
Lucinda,F,140
Mariela,F,140
Shyanne,F,140
Ziva,F,140
Bently,M,140
Cale,M,140
Diesel,M,140
Eamon,M,140
Kaiser,M,140
Abriella,F,139
Amilia,F,139
Calla,F,139
Gisele,F,139
Jaqueline,F,139
Peighton,F,139
Symphony,F,139
Zaira,F,139
Barry,M,139
Dion,M,139
Perry,M,139
Quinten,M,139
Salem,M,139
Cosette,F,138
Freyja,F,138
Kaci,F,138
Kierra,F,138
Lacie,F,138
Lizeth,F,138
Rosalia,F,138
Caius,M,138
Ewan,M,138
Haven,M,138
Idris,M,138
Ruger,M,138
Camden,F,137
Claira,F,137
Kinsleigh,F,137
Noah,F,137
Presleigh,F,137
Unique,F,137
Abdulrahman,M,137
Coy,M,137
Daylen,M,137
Graeme,M,137
Johann,M,137
Palmer,M,137
Sheldon,M,137
Tahj,M,137
Torin,M,137
Cambree,F,136
Harmonie,F,136
Hillary,F,136
Zora,F,136
Campbell,M,136
Lev,M,136
Lucius,M,136
Marquise,M,136
Jiselle,F,135
Jude,F,135
Makiyah,F,135
Noelia,F,135
Taelyn,F,135
Ammar,M,135
Hussein,M,135
Johnpaul,M,135
Keon,M,135
Maddix,M,135
Tzvi,M,135
Avani,F,134
Dominique,F,134
Eleni,F,134
Emry,F,134
Heidy,F,134
Nori,F,134
Rosalynn,F,134
Serafina,F,134
Zaniya,F,134
Bear,M,134
Gaige,M,134
Jakari,M,134
Pierson,M,134
Rishi,M,134
Zaylen,M,134
Adina,F,133
Akshara,F,133
Chevelle,F,133
Karoline,F,133
Laken,F,133
Lillyann,F,133
Lori,F,133
Nikki,F,133
Rosemarie,F,133
Ryder,F,133
Zaynab,F,133
Alek,M,133
Atreyu,M,133
Aven,M,133
Avraham,M,133
Jacobi,M,133
Jarvis,M,133
Jenson,M,133
Link,M,133
Wiley,M,133
Annamarie,F,132
Aspyn,F,132
Dalila,F,132
Everley,F,132
Hartley,F,132
Ruthie,F,132
Wilhelmina,F,132
Yarely,F,132
Ander,M,132
Baron,M,132
Benicio,M,132
Boaz,M,132
Forest,M,132
Jaceon,M,132
Jahmir,M,132
Keelan,M,132
Kilian,M,132
Leeland,M,132
Malakhi,M,132
Pranav,M,132
Rowdy,M,132
Yoel,M,132
Adalina,F,131
Arabelle,F,131
Cattleya,F,131
Jackeline,F,131
Jaslyn,F,131
Jaya,F,131
Kayley,F,131
Rowen,F,131
Tahlia,F,131
Bernardo,M,131
Cashton,M,131
Francesco,M,131
Xavi,M,131
Alessa,F,130
Annistyn,F,130
Brigitte,F,130
Desirae,F,130
Lenora,F,130
Martina,F,130
Saphira,F,130
Sia,F,130
Zadie,F,130
Siddharth,M,130
Adyson,F,129
Althea,F,129
Ariane,F,129
Ariyana,F,129
Avril,F,129
Inara,F,129
Moira,F,129
Oona,F,129
Precious,F,129
Shania,F,129
Adiel,M,129
Cordell,M,129
Dereck,M,129
Jayven,M,129
Kael,M,129
Ramsey,M,129
Abrianna,F,128
Ariadna,F,128
Avarie,F,128
Georgina,F,128
Geraldine,F,128
Keegan,F,128
Laci,F,128
Maliya,F,128
Marceline,F,128
May,F,128
Sana,F,128
Zia,F,128
Avion,M,128
Earl,M,128
Eliyahu,M,128
Jael,M,128
Marshawn,M,128
Oren,M,128
Presley,M,128
Tevin,M,128
Zakaria,M,128
Amariah,F,127
Amyah,F,127
Arlette,F,127
Halo,F,127
Journie,F,127
Letty,F,127
Melia,F,127
Raeleigh,F,127
Renesmee,F,127
Roxana,F,127
Shae,F,127
Zola,F,127
Aksel,M,127
Creed,M,127
Devonte,M,127
Eleazar,M,127
Jakai,M,127
Nova,M,127
Tobin,M,127
Aubreigh,F,126
Izabel,F,126
Julietta,F,126
Kathy,F,126
Nicolette,F,126
Zuleyka,F,126
Dezmond,M,126
Elvin,M,126
Emil,M,126
Izaac,M,126
Jaxsen,M,126
Kanon,M,126
Laith,M,126
Massimo,M,126
Niam,M,126
Sebastien,M,126
Zephyr,M,126
Adaleigh,F,125
Carrie,F,125
Daria,F,125
Darla,F,125
Isha,F,125
Kaylah,F,125
Liza,F,125
Miabella,F,125
Montana,F,125
Skylee,F,125
Aaryan,M,125
Antony,M,125
Gionni,M,125
Hasan,M,125
Jaydan,M,125
Kaine,M,125
Kiyan,M,125
Sammy,M,125
Yandel,M,125
Alyse,F,124
Amethyst,F,124
Anaiah,F,124
Betsy,F,124
Camdyn,F,124
Christian,F,124
Deja,F,124
Khalia,F,124
Krista,F,124
Margarita,F,124
Salome,F,124
Sheila,F,124
Stormy,F,124
Susana,F,124
Yamilet,F,124
Axle,M,124
Coby,M,124
Demari,M,124
Hoyt,M,124
Kain,M,124
Kiran,M,124
Nestor,M,124
Tylan,M,124
Anyla,F,123
Cambrie,F,123
Caysen,M,123
Deion,M,123
Jaeden,M,123
Jeremih,M,123
Nikhil,M,123
Rian,M,123
Westyn,M,123
Alyanna,F,122
Elliette,F,122
Emoni,F,122
Eryn,F,122
Jamya,F,122
Jordin,F,122
Karolina,F,122
Kenzlee,F,122
Rilee,F,122
Savanah,F,122
Abdul,M,122
Azael,M,122
Bradyn,M,122
Demarion,M,122
Kenji,M,122
Ollie,M,122
Zackery,M,122
Zaden,M,122
Alyna,F,121
Baila,F,121
Chelsey,F,121
Chyna,F,121
Honor,F,121
Kaisley,F,121
Keren,F,121
Lorraine,F,121
Nelly,F,121
Rhylee,F,121
Rileigh,F,121
Shayna,F,121
Taylin,F,121
Yulissa,F,121
Yuna,F,121
Benaiah,M,121
Cillian,M,121
Devan,M,121
Eliel,M,121
Emmit,M,121
Hans,M,121
Isaak,M,121
Josh,M,121
Kurt,M,121
Watson,M,121
Cayla,F,120
Elisha,F,120
Gillian,F,120
Jamiya,F,120
Karmyn,F,120
Kirsten,F,120
Niya,F,120
Sahana,F,120
Sahara,F,120
Tayla,F,120
Waverly,F,120
Zinnia,F,120
Bryer,M,120
Dovid,M,120
Kayleb,M,120
Mikah,M,120
Reign,M,120
Rico,M,120
Shamar,M,120
Indigo,F,119
Josslyn,F,119
Liah,F,119
Melani,F,119
Reem,F,119
Santana,F,119
Siya,F,119
Teegan,F,119
Yasmeen,F,119
Austen,M,119
Jamel,M,119
Lamont,M,119
Lonnie,M,119
Rome,M,119
Ariyanna,F,118
Brylie,F,118
Channing,F,118
Cleo,F,118
Emmarie,F,118
Gitty,F,118
Janiah,F,118
Kloe,F,118
Melodie,F,118
Rhiannon,F,118
Samia,F,118
Taniyah,F,118
Yvonne,F,118
Ajay,M,118
Braxtyn,M,118
Chaz,M,118
Dillan,M,118
Donnie,M,118
Eddy,M,118
Kelton,M,118
Onyx,M,118
Thor,M,118
Amal,F,117
Amberly,F,117
Aviva,F,117
Carol,F,117
Georgiana,F,117
Isis,F,117
Jianna,F,117
Joslynn,F,117
Kingsley,F,117
Margaux,F,117
Mazie,F,117
Payten,F,117
Raniyah,F,117
Samaya,F,117
Zarah,F,117
Abdirahman,M,117
Faris,M,117
Kolt,M,117
Leyton,M,117
Pharaoh,M,117
Umar,M,117
Zephaniah,M,117
Aiza,F,116
Aleyda,F,116
Arleth,F,116
Blanca,F,116
Brookelynn,F,116
Cielo,F,116
Elouise,F,116
Emberly,F,116
Jalayah,F,116
Justyce,F,116
Kayli,F,116
Kenzley,F,116
Leanne,F,116
Makenzi,F,116
Mileena,F,116
Navy,F,116
Nechama,F,116
Nila,F,116
Benny,M,116
Clint,M,116
Hagen,M,116
Lazarus,M,116
Noam,M,116
Syncere,M,116
Yasir,M,116
Zakariya,M,116
Zeus,M,116
Ameera,F,115
Anisa,F,115
Arwen,F,115
Dianna,F,115
Edie,F,115
Hensley,F,115
Ivey,F,115
Kinzlee,F,115
Laniya,F,115
Magdalene,F,115
Marielle,F,115
Maryann,F,115
Tala,F,115
Taytum,F,115
Hiram,M,115
Jacen,M,115
Jessiah,M,115
Shepard,M,115
Yeshua,M,115
Abigale,F,114
Cori,F,114
Hudson,F,114
Jaylani,F,114
Jessalyn,F,114
Kari,F,114
Lucero,F,114
Oakleigh,F,114
Paizley,F,114
Rori,F,114
Xitlali,F,114
Akeem,M,114
Brandt,M,114
Canyon,M,114
Cecil,M,114
Dakari,M,114
Don,M,114
Ishan,M,114
Loki,M,114
Ramses,M,114
Ashleigh,F,113
Brea,F,113
Colleen,F,113
Graciela,F,113
Klara,F,113
Arham,M,113
Duane,M,113
Kadyn,M,113
Tyrese,M,113
Aleksandra,F,112
Aleyna,F,112
Ashly,F,112
Asiya,F,112
Carmela,F,112
Echo,F,112
Gentry,F,112
Iyla,F,112
Jaina,F,112
Kalina,F,112
Laiyah,F,112
Mariel,F,112
Nichole,F,112
Sanaya,F,112
Shoshana,F,112
Tiara,F,112
Viktoria,F,112
Antwan,M,112
Dashawn,M,112
Geovanni,M,112
Giuseppe,M,112
Jethro,M,112
Krew,M,112
Savion,M,112
Tegan,M,112
Truett,M,112
Zavion,M,112
Abygail,F,111
Adalia,F,111
Aislyn,F,111
Ester,F,111
Navya,F,111
Soleil,F,111
Vaida,F,111
Alexandre,M,111
Ansh,M,111
Courtney,M,111
Elan,M,111
Everest,M,111
Irvin,M,111
Javen,M,111
Khai,M,111
Marek,M,111
Veer,M,111
Armoni,F,110
Brittney,F,110
Candice,F,110
Cooper,F,110
Darby,F,110
Emalee,F,110
Kianna,F,110
Maelynn,F,110
Novah,F,110
Tanvi,F,110
Zaina,F,110
Amauri,M,110
Bronx,M,110
Clifton,M,110
Denis,M,110
Grayden,M,110
Isa,M,110
Jamil,M,110
Judd,M,110
Keyon,M,110
Korben,M,110
Rishaan,M,110
Yousif,M,110
Chiara,F,109
Cierra,F,109
Devin,F,109
Finleigh,F,109
Jadyn,F,109
Journei,F,109
Katia,F,109
Khloee,F,109
Kristin,F,109
Laylani,F,109
Violetta,F,109
Bailey,M,109
Cedar,M,109
Ely,M,109
Jahlil,M,109
Koby,M,109
Markel,M,109
Oskar,M,109
Rigoberto,M,109
Tiberius,M,109
Wolfgang,M,109
Adleigh,F,108
Annalisa,F,108
Berkeley,F,108
Brandi,F,108
Ever,F,108
Jaslynn,F,108
Kamdyn,F,108
Layna,F,108
Lois,F,108
Love,F,108
Chayce,M,108
Deven,M,108
Levon,M,108
Lloyd,M,108
Abigayle,F,107
Adalynne,F,107
Braylynn,F,107
Faigy,F,107
Fatimah,F,107
Jaiden,F,107
Khadijah,F,107
Loren,F,107
Mona,F,107
Niyah,F,107
Reya,F,107
Taelynn,F,107
Carsyn,M,107
Devyn,M,107
Dov,M,107
Drayden,M,107
Floyd,M,107
Fynn,M,107
Jaron,M,107
Kaius,M,107
Kyran,M,107
Laken,M,107
Monte,M,107
Stephon,M,107
Aleeah,F,106
Aleyah,F,106
Emberlyn,F,106
Emelyn,F,106
Hollis,F,106
Italia,F,106
Johana,F,106
Kaliah,F,106
Lynlee,F,106
Marisa,F,106
Yolanda,F,106
Zayda,F,106
Britton,M,106
Estevan,M,106
Johnnie,M,106
Jones,M,106
Khari,M,106
Kyrin,M,106
Marcelino,M,106
Matheo,M,106
Olin,M,106
Annmarie,F,105
Arayah,F,105
Aryah,F,105
Beatriz,F,105
Emberlynn,F,105
Jacelyn,F,105
Jamila,F,105
Juana,F,105
Mariajose,F,105
Maycee,F,105
Sandy,F,105
Yusra,F,105
Arman,M,105
Banks,M,105
Damoni,M,105
Dev,M,105
Nazir,M,105
Yakov,M,105
Aditi,F,104
Artemis,F,104
Ashlee,F,104
Bennett,F,104
Coralie,F,104
Elyssa,F,104
Jolee,F,104
Maelyn,F,104
Rocio,F,104
Roselynn,F,104
Safa,F,104
Shaniya,F,104
Sumaya,F,104
Tanya,F,104
Yael,F,104
Domenic,M,104
Fischer,M,104
Henley,M,104
Maxon,M,104
Morris,M,104
Raylen,M,104
Saif,M,104
Stryker,M,104
Yariel,M,104
Zaine,M,104
Abagail,F,103
Annalynn,F,103
Arie,F,103
Avia,F,103
Daleysa,F,103
Deasia,F,103
Iman,F,103
Jacie,F,103
Keeley,F,103
Korie,F,103
Kyah,F,103
Lettie,F,103
Marcela,F,103
Maylin,F,103
Memphis,F,103
Myka,F,103
Talya,F,103
Valencia,F,103
Vicky,F,103
Arnav,M,103
Austyn,M,103
Azriel,M,103
Braxten,M,103
Caspian,M,103
Damir,M,103
Dwight,M,103
Jasiel,M,103
Javian,M,103
Maddex,M,103
Rio,M,103
Yasin,M,103
Acacia,F,102
Brighton,F,102
Hafsa,F,102
Kennadi,F,102
Laina,F,102
Mackenna,F,102
Makinley,F,102
Marli,F,102
Oriana,F,102
Raelee,F,102
Rhyan,F,102
Rochel,F,102
Dewayne,M,102
Kylar,M,102
Mattias,M,102
Mickey,M,102
Montgomery,M,102
Ransom,M,102
Shaurya,M,102
Trevon,M,102
Vernon,M,102
Wilmer,M,102
Zakai,M,102
Dora,F,101
Gina,F,101
Jaycie,F,101
Justine,F,101
Kalli,F,101
Kiyah,F,101
Laikyn,F,101
Lanie,F,101
Lluvia,F,101
Monique,F,101
Paizlee,F,101
Rania,F,101
Stacey,F,101
Yana,F,101
Gareth,M,101
Henri,M,101
Ilan,M,101
Kace,M,101
Kasey,M,101
Kelly,M,101
Klayton,M,101
Maximillian,M,101
Myron,M,101
Terence,M,101
Zaidyn,M,101
Analeah,F,100
Cristal,F,100
Fabiola,F,100
Irelynn,F,100
Iyana,F,100
Marianne,F,100
Alexavier,M,100
Ambrose,M,100
Amias,M,100
Anas,M,100
Aryeh,M,100
Brigham,M,100
Fred,M,100
Irving,M,100
Jakobi,M,100
Jaquan,M,100
Kyng,M,100
Kyzer,M,100
Lester,M,100
Marko,M,100
Mauro,M,100
Niklaus,M,100
Osiris,M,100
Steele,M,100